epoch,opponent,win_rate
1,DumbBot,20.0
2,DumbBot,40.0
3,DumbBot,60.0
4,DumbBot,60.0
5,DumbBot,80.0
6,DumbBot,60.0
7,DumbBot,60.0
8,DumbBot,40.0
9,DumbBot,60.0
10,DumbBot,60.0
11,DumbBot,60.0
12,DumbBot,80.0
13,DumbBot,80.0
14,DumbBot,60.0
15,DumbBot,80.0
16,DumbBot,40.0
17,DumbBot,60.0
18,DumbBot,20.0
19,DumbBot,60.0
20,DumbBot,60.0
21,DumbBot,60.0
22,DumbBot,20.0
23,DumbBot,80.0
24,DumbBot,60.0
25,DumbBot,80.0
26,DumbBot,60.0
27,DumbBot,60.0
28,DumbBot,40.0
29,DumbBot,60.0
30,DumbBot,20.0
31,DumbBot,20.0
32,DumbBot,60.0
33,DumbBot,60.0
34,DumbBot,80.0
35,DumbBot,80.0
36,DumbBot,40.0
37,DumbBot,60.0
38,DumbBot,100.0
39,DumbBot,60.0
40,DumbBot,20.0
41,DumbBot,80.0
42,DumbBot,60.0
43,DumbBot,60.0
44,DumbBot,60.0
45,DumbBot,60.0
46,DumbBot,60.0
47,DumbBot,20.0
48,DumbBot,20.0
49,DumbBot,20.0
50,DumbBot,60.0
51,DumbBot,40.0
52,DumbBot,0.0
53,DumbBot,20.0
54,DumbBot,80.0
55,DumbBot,80.0
56,DumbBot,80.0
57,DumbBot,80.0
58,DumbBot,80.0
59,DumbBot,40.0
60,DumbBot,60.0
61,DumbBot,60.0
62,DumbBot,100.0
63,DumbBot,40.0
64,DumbBot,40.0
65,DumbBot,40.0
66,DumbBot,40.0
67,DumbBot,60.0
68,DumbBot,100.0
69,DumbBot,60.0
70,DumbBot,60.0
71,DumbBot,40.0
72,DumbBot,60.0
73,DumbBot,60.0
74,DumbBot,60.0
75,DumbBot,80.0
76,DumbBot,40.0
77,DumbBot,40.0
78,DumbBot,80.0
79,DumbBot,80.0
80,DumbBot,60.0
81,DumbBot,100.0
82,DumbBot,100.0
83,DumbBot,100.0
84,DumbBot,80.0
85,DumbBot,60.0
86,DumbBot,40.0
87,DumbBot,80.0
88,DumbBot,80.0
89,DumbBot,40.0
90,DumbBot,80.0
91,DumbBot,60.0
92,DumbBot,40.0
93,DumbBot,60.0
94,DumbBot,80.0
95,DumbBot,60.0
96,DumbBot,40.0
97,DumbBot,60.0
98,DumbBot,80.0
99,DumbBot,60.0
100,DumbBot,60.0
101,DumbBot,40.0
102,DumbBot,60.0
103,DumbBot,60.0
104,DumbBot,60.0
105,DumbBot,100.0
106,DumbBot,80.0
107,DumbBot,60.0
108,DumbBot,40.0
109,DumbBot,40.0
110,DumbBot,80.0
111,DumbBot,80.0
112,DumbBot,60.0
113,DumbBot,80.0
114,DumbBot,80.0
115,DumbBot,60.0
116,DumbBot,60.0
117,DumbBot,40.0
118,DumbBot,80.0
119,DumbBot,80.0
120,DumbBot,60.0
121,DumbBot,20.0
122,DumbBot,40.0
123,DumbBot,60.0
124,DumbBot,60.0
125,DumbBot,80.0
126,DumbBot,60.0
127,DumbBot,40.0
128,DumbBot,40.0
129,DumbBot,80.0
130,DumbBot,60.0
131,DumbBot,80.0
132,DumbBot,60.0
133,DumbBot,80.0
134,DumbBot,80.0
135,DumbBot,80.0
136,DumbBot,40.0
137,DumbBot,60.0
138,DumbBot,60.0
139,DumbBot,80.0
140,DumbBot,60.0
141,DumbBot,80.0
142,DumbBot,80.0
143,DumbBot,60.0
144,DumbBot,60.0
145,DumbBot,80.0
146,DumbBot,100.0
147,DumbBot,80.0
148,DumbBot,60.0
149,DumbBot,80.0
150,DumbBot,80.0
151,DumbBot,80.0
152,DumbBot,80.0
153,DumbBot,80.0
154,DumbBot,80.0
155,DumbBot,60.0
156,DumbBot,80.0
157,DumbBot,40.0
158,DumbBot,80.0
159,DumbBot,80.0
160,DumbBot,100.0
161,DumbBot,60.0
162,DumbBot,40.0
163,DumbBot,80.0
164,DumbBot,40.0
165,DumbBot,60.0
166,DumbBot,100.0
167,DumbBot,60.0
168,DumbBot,60.0
169,DumbBot,60.0
170,DumbBot,80.0
171,DumbBot,80.0
172,DumbBot,20.0
173,DumbBot,60.0
174,DumbBot,100.0
175,DumbBot,80.0
176,DumbBot,100.0
177,DumbBot,60.0
178,DumbBot,60.0
179,DumbBot,100.0
180,DumbBot,100.0
181,DumbBot,60.0
182,DumbBot,100.0
183,DumbBot,100.0
184,DumbBot,80.0
185,DumbBot,60.0
186,DumbBot,60.0
187,DumbBot,80.0
188,DumbBot,100.0
189,DumbBot,40.0
190,DumbBot,20.0
191,DumbBot,100.0
192,DumbBot,80.0
193,DumbBot,60.0
194,DumbBot,80.0
195,DumbBot,80.0
196,DumbBot,80.0
197,DumbBot,100.0
198,DumbBot,60.0
199,DumbBot,100.0
200,DumbBot,80.0
201,DumbBot,80.0
202,DumbBot,40.0
203,DumbBot,80.0
204,DumbBot,80.0
205,DumbBot,80.0
206,DumbBot,100.0
207,DumbBot,80.0
208,DumbBot,80.0
209,DumbBot,60.0
210,DumbBot,80.0
211,DumbBot,60.0
212,DumbBot,80.0
213,DumbBot,100.0
214,DumbBot,40.0
215,DumbBot,40.0
216,DumbBot,80.0
217,DumbBot,80.0
218,DumbBot,60.0
219,DumbBot,80.0
220,DumbBot,100.0
221,DumbBot,100.0
222,DumbBot,60.0
223,DumbBot,80.0
224,DumbBot,100.0
225,DumbBot,100.0
226,DumbBot,100.0
227,DumbBot,40.0
228,DumbBot,80.0
229,DumbBot,100.0
230,DumbBot,80.0
231,DumbBot,80.0
232,DumbBot,80.0
233,DumbBot,80.0
234,DumbBot,80.0
235,DumbBot,60.0
236,DumbBot,80.0
237,DumbBot,80.0
238,DumbBot,60.0
239,DumbBot,20.0
240,DumbBot,60.0
241,DumbBot,80.0
242,DumbBot,80.0
243,DumbBot,100.0
244,DumbBot,100.0
245,DumbBot,60.0
246,DumbBot,100.0
247,DumbBot,100.0
248,DumbBot,100.0
249,DumbBot,100.0
250,DumbBot,80.0
251,DumbBot,60.0
252,DumbBot,60.0
253,DumbBot,80.0
254,DumbBot,80.0
255,DumbBot,80.0
256,DumbBot,100.0
257,DumbBot,100.0
258,DumbBot,40.0
259,DumbBot,60.0
260,DumbBot,60.0
261,DumbBot,80.0
262,DumbBot,100.0
263,DumbBot,80.0
264,DumbBot,80.0
265,DumbBot,60.0
266,DumbBot,80.0
267,DumbBot,80.0
268,DumbBot,100.0
269,DumbBot,40.0
270,DumbBot,80.0
271,DumbBot,60.0
272,DumbBot,100.0
273,DumbBot,80.0
274,DumbBot,100.0
275,DumbBot,80.0
276,DumbBot,80.0
277,DumbBot,100.0
278,DumbBot,80.0
279,DumbBot,80.0
280,DumbBot,60.0
281,DumbBot,100.0
282,DumbBot,80.0
283,DumbBot,80.0
284,DumbBot,60.0
285,DumbBot,60.0
286,DumbBot,80.0
287,DumbBot,60.0
288,DumbBot,100.0
289,DumbBot,60.0
290,DumbBot,100.0
291,DumbBot,100.0
292,DumbBot,100.0
293,DumbBot,100.0
294,DumbBot,80.0
295,DumbBot,100.0
296,DumbBot,100.0
297,DumbBot,80.0
298,DumbBot,100.0
299,DumbBot,80.0
300,DumbBot,80.0
301,DumbBot,80.0
302,DumbBot,100.0
303,DumbBot,80.0
304,DumbBot,100.0
305,DumbBot,80.0
306,DumbBot,80.0
307,DumbBot,60.0
308,DumbBot,40.0
309,DumbBot,80.0
310,DumbBot,100.0
311,DumbBot,80.0
312,DumbBot,80.0
313,DumbBot,100.0
314,DumbBot,40.0
315,DumbBot,80.0
316,DumbBot,100.0
317,DumbBot,100.0
318,DumbBot,100.0
319,DumbBot,80.0
320,DumbBot,80.0
321,DumbBot,80.0
322,DumbBot,100.0
323,DumbBot,60.0
324,DumbBot,100.0
325,DumbBot,100.0
326,DumbBot,80.0
327,DumbBot,100.0
328,DumbBot,80.0
329,DumbBot,40.0
330,DumbBot,100.0
331,DumbBot,100.0
332,DumbBot,60.0
333,DumbBot,60.0
334,DumbBot,80.0
335,DumbBot,80.0
336,DumbBot,80.0
337,DumbBot,80.0
338,DumbBot,80.0
339,DumbBot,80.0
340,DumbBot,60.0
341,DumbBot,40.0
342,DumbBot,80.0
343,DumbBot,60.0
344,DumbBot,100.0
345,DumbBot,80.0
346,DumbBot,80.0
347,DumbBot,100.0
348,DumbBot,80.0
349,DumbBot,80.0
350,DumbBot,100.0
351,DumbBot,40.0
352,DumbBot,60.0
353,DumbBot,80.0
354,DumbBot,80.0
355,DumbBot,80.0
356,DumbBot,80.0
357,DumbBot,80.0
358,DumbBot,80.0
359,DumbBot,80.0
360,DumbBot,80.0
361,DumbBot,100.0
362,DumbBot,100.0
363,DumbBot,80.0
364,DumbBot,80.0
365,DumbBot,40.0
366,DumbBot,100.0
367,DumbBot,100.0
368,DumbBot,100.0
369,DumbBot,80.0
370,DumbBot,100.0
371,DumbBot,60.0
372,DumbBot,80.0
373,DumbBot,80.0
374,DumbBot,100.0
375,DumbBot,80.0
376,DumbBot,60.0
377,DumbBot,80.0
378,DumbBot,100.0
379,DumbBot,60.0
380,DumbBot,100.0
381,DumbBot,80.0
382,DumbBot,80.0
383,DumbBot,100.0
384,DumbBot,100.0
385,DumbBot,80.0
386,DumbBot,60.0
387,DumbBot,80.0
388,DumbBot,80.0
389,DumbBot,100.0
390,DumbBot,60.0
391,DumbBot,100.0
392,DumbBot,60.0
393,DumbBot,100.0
394,DumbBot,100.0
395,DumbBot,80.0
396,DumbBot,100.0
397,DumbBot,100.0
398,DumbBot,100.0
399,DumbBot,60.0
400,DumbBot,100.0
401,CastellaBot,20.0
402,CastellaBot,20.0
403,CastellaBot,40.0
404,CastellaBot,80.0
405,CastellaBot,0.0
406,CastellaBot,20.0
407,CastellaBot,60.0
408,CastellaBot,40.0
409,CastellaBot,60.0
410,CastellaBot,40.0
411,CastellaBot,100.0
412,CastellaBot,20.0
413,CastellaBot,20.0
414,CastellaBot,0.0
415,CastellaBot,0.0
416,CastellaBot,20.0
417,CastellaBot,60.0
418,CastellaBot,60.0
419,CastellaBot,40.0
420,CastellaBot,40.0
421,CastellaBot,40.0
422,CastellaBot,20.0
423,CastellaBot,20.0
424,CastellaBot,0.0
425,CastellaBot,20.0
426,CastellaBot,20.0
427,CastellaBot,40.0
428,CastellaBot,20.0
429,CastellaBot,40.0
430,CastellaBot,40.0
431,CastellaBot,20.0
432,CastellaBot,80.0
433,CastellaBot,20.0
434,CastellaBot,40.0
435,CastellaBot,60.0
436,CastellaBot,0.0
437,CastellaBot,20.0
438,CastellaBot,20.0
439,CastellaBot,20.0
440,CastellaBot,60.0
441,CastellaBot,0.0
442,CastellaBot,40.0
443,CastellaBot,40.0
444,CastellaBot,60.0
445,CastellaBot,40.0
446,CastellaBot,20.0
447,CastellaBot,20.0
448,CastellaBot,40.0
449,CastellaBot,20.0
450,CastellaBot,20.0
451,CastellaBot,40.0
452,CastellaBot,20.0
453,CastellaBot,40.0
454,CastellaBot,40.0
455,CastellaBot,20.0
456,CastellaBot,20.0
457,CastellaBot,40.0
458,CastellaBot,0.0
459,CastellaBot,20.0
460,CastellaBot,40.0
461,CastellaBot,20.0
462,CastellaBot,20.0
463,CastellaBot,40.0
464,CastellaBot,0.0
465,CastellaBot,20.0
466,CastellaBot,20.0
467,CastellaBot,20.0
468,CastellaBot,20.0
469,CastellaBot,20.0
470,CastellaBot,20.0
471,CastellaBot,40.0
472,CastellaBot,20.0
473,CastellaBot,20.0
474,CastellaBot,20.0
475,CastellaBot,0.0
476,CastellaBot,20.0
477,CastellaBot,60.0
478,CastellaBot,20.0
479,CastellaBot,40.0
480,CastellaBot,60.0
481,CastellaBot,40.0
482,CastellaBot,40.0
483,CastellaBot,40.0
484,CastellaBot,0.0
485,CastellaBot,40.0
486,CastellaBot,20.0
487,CastellaBot,20.0
488,CastellaBot,20.0
489,CastellaBot,0.0
490,CastellaBot,0.0
491,CastellaBot,20.0
492,CastellaBot,20.0
493,CastellaBot,20.0
494,CastellaBot,20.0
495,CastellaBot,20.0
496,CastellaBot,20.0
497,CastellaBot,40.0
498,CastellaBot,20.0
499,CastellaBot,40.0
500,CastellaBot,0.0
501,CastellaBot,20.0
502,CastellaBot,20.0
503,CastellaBot,0.0
504,CastellaBot,0.0
505,CastellaBot,20.0
506,CastellaBot,0.0
507,CastellaBot,0.0
508,CastellaBot,0.0
509,CastellaBot,20.0
510,CastellaBot,0.0
511,CastellaBot,20.0
512,CastellaBot,0.0
513,CastellaBot,0.0
514,CastellaBot,0.0
515,CastellaBot,0.0
516,CastellaBot,20.0
517,CastellaBot,0.0
518,CastellaBot,40.0
519,CastellaBot,0.0
520,CastellaBot,20.0
521,CastellaBot,0.0
522,CastellaBot,20.0
523,CastellaBot,20.0
524,CastellaBot,20.0
525,CastellaBot,40.0
526,CastellaBot,0.0
527,CastellaBot,40.0
528,CastellaBot,0.0
529,CastellaBot,0.0
530,CastellaBot,0.0
531,CastellaBot,0.0
532,CastellaBot,20.0
533,CastellaBot,0.0
534,CastellaBot,20.0
535,CastellaBot,0.0
536,CastellaBot,0.0
537,CastellaBot,40.0
538,CastellaBot,40.0
539,CastellaBot,0.0
540,CastellaBot,20.0
541,CastellaBot,20.0
542,CastellaBot,80.0
543,CastellaBot,20.0
544,CastellaBot,0.0
545,CastellaBot,20.0
546,CastellaBot,20.0
547,CastellaBot,40.0
548,CastellaBot,40.0
549,CastellaBot,0.0
550,CastellaBot,20.0
551,CastellaBot,0.0
552,CastellaBot,20.0
553,CastellaBot,40.0
554,CastellaBot,0.0
555,CastellaBot,20.0
556,CastellaBot,20.0
557,CastellaBot,40.0
558,CastellaBot,0.0
559,CastellaBot,0.0
560,CastellaBot,0.0
561,CastellaBot,0.0
562,CastellaBot,40.0
563,CastellaBot,40.0
564,CastellaBot,20.0
565,CastellaBot,20.0
566,CastellaBot,20.0
567,CastellaBot,0.0
568,CastellaBot,40.0
569,CastellaBot,20.0
570,CastellaBot,0.0
571,CastellaBot,0.0
572,CastellaBot,0.0
573,CastellaBot,40.0
574,CastellaBot,20.0
575,CastellaBot,60.0
576,CastellaBot,0.0
577,CastellaBot,0.0
578,CastellaBot,20.0
579,CastellaBot,20.0
580,CastellaBot,20.0
581,CastellaBot,20.0
582,CastellaBot,40.0
583,CastellaBot,0.0
584,CastellaBot,20.0
585,CastellaBot,20.0
586,CastellaBot,20.0
587,CastellaBot,40.0
588,CastellaBot,20.0
589,CastellaBot,40.0
590,CastellaBot,20.0
591,CastellaBot,0.0
592,CastellaBot,60.0
593,CastellaBot,60.0
594,CastellaBot,40.0
595,CastellaBot,20.0
596,CastellaBot,40.0
597,CastellaBot,20.0
598,CastellaBot,20.0
599,CastellaBot,40.0
600,CastellaBot,60.0
601,CastellaBot,20.0
602,CastellaBot,40.0
603,CastellaBot,40.0
604,CastellaBot,60.0
605,CastellaBot,40.0
606,CastellaBot,20.0
607,CastellaBot,20.0
608,CastellaBot,40.0
609,CastellaBot,0.0
610,CastellaBot,40.0
611,CastellaBot,40.0
612,CastellaBot,40.0
613,CastellaBot,40.0
614,CastellaBot,20.0
615,CastellaBot,0.0
616,CastellaBot,20.0
617,CastellaBot,40.0
618,CastellaBot,0.0
619,CastellaBot,20.0
620,CastellaBot,40.0
621,CastellaBot,20.0
622,CastellaBot,20.0
623,CastellaBot,40.0
624,CastellaBot,40.0
625,CastellaBot,60.0
626,CastellaBot,40.0
627,CastellaBot,40.0
628,CastellaBot,20.0
629,CastellaBot,40.0
630,CastellaBot,40.0
631,CastellaBot,40.0
632,CastellaBot,40.0
633,CastellaBot,20.0
634,CastellaBot,20.0
635,CastellaBot,60.0
636,CastellaBot,20.0
637,CastellaBot,20.0
638,CastellaBot,20.0
639,CastellaBot,0.0
640,CastellaBot,80.0
641,CastellaBot,20.0
642,CastellaBot,20.0
643,CastellaBot,60.0
644,CastellaBot,20.0
645,CastellaBot,0.0
646,CastellaBot,0.0
647,CastellaBot,20.0
648,CastellaBot,20.0
649,CastellaBot,40.0
650,CastellaBot,60.0
651,CastellaBot,20.0
652,CastellaBot,60.0
653,CastellaBot,0.0
654,CastellaBot,40.0
655,CastellaBot,60.0
656,CastellaBot,40.0
657,CastellaBot,20.0
658,CastellaBot,20.0
659,CastellaBot,0.0
660,CastellaBot,20.0
661,CastellaBot,20.0
662,CastellaBot,20.0
663,CastellaBot,40.0
664,CastellaBot,40.0
665,CastellaBot,20.0
666,CastellaBot,20.0
667,CastellaBot,40.0
668,CastellaBot,40.0
669,CastellaBot,60.0
670,CastellaBot,0.0
671,CastellaBot,0.0
672,CastellaBot,40.0
673,CastellaBot,0.0
674,CastellaBot,40.0
675,CastellaBot,40.0
676,CastellaBot,0.0
677,CastellaBot,20.0
678,CastellaBot,20.0
679,CastellaBot,0.0
680,CastellaBot,40.0
681,CastellaBot,0.0
682,CastellaBot,60.0
683,CastellaBot,40.0
684,CastellaBot,20.0
685,CastellaBot,60.0
686,CastellaBot,20.0
687,CastellaBot,40.0
688,CastellaBot,60.0
689,CastellaBot,40.0
690,CastellaBot,40.0
691,CastellaBot,60.0
692,CastellaBot,20.0
693,CastellaBot,40.0
694,CastellaBot,20.0
695,CastellaBot,40.0
696,CastellaBot,20.0
697,CastellaBot,20.0
698,CastellaBot,0.0
699,CastellaBot,60.0
700,CastellaBot,40.0
701,CastellaBot,20.0
702,CastellaBot,20.0
703,CastellaBot,40.0
704,CastellaBot,40.0
705,CastellaBot,40.0
706,CastellaBot,20.0
707,CastellaBot,0.0
708,CastellaBot,20.0
709,CastellaBot,20.0
710,CastellaBot,20.0
711,CastellaBot,40.0
712,CastellaBot,20.0
713,CastellaBot,40.0
714,CastellaBot,60.0
715,CastellaBot,20.0
716,CastellaBot,40.0
717,CastellaBot,20.0
718,CastellaBot,40.0
719,CastellaBot,20.0
720,CastellaBot,0.0
721,CastellaBot,40.0
722,CastellaBot,0.0
723,CastellaBot,40.0
724,CastellaBot,20.0
725,CastellaBot,20.0
726,CastellaBot,20.0
727,CastellaBot,40.0
728,CastellaBot,0.0
729,CastellaBot,40.0
730,CastellaBot,0.0
731,CastellaBot,40.0
732,CastellaBot,20.0
733,CastellaBot,40.0
734,CastellaBot,60.0
735,CastellaBot,40.0
736,CastellaBot,20.0
737,CastellaBot,0.0
738,CastellaBot,0.0
739,CastellaBot,40.0
740,CastellaBot,20.0
741,CastellaBot,40.0
742,CastellaBot,40.0
743,CastellaBot,40.0
744,CastellaBot,0.0
745,CastellaBot,0.0
746,CastellaBot,0.0
747,CastellaBot,0.0
748,CastellaBot,0.0
749,CastellaBot,20.0
750,CastellaBot,20.0
751,CastellaBot,20.0
752,CastellaBot,20.0
753,CastellaBot,40.0
754,CastellaBot,20.0
755,CastellaBot,40.0
756,CastellaBot,20.0
757,CastellaBot,0.0
758,CastellaBot,40.0
759,CastellaBot,40.0
760,CastellaBot,0.0
761,CastellaBot,20.0
762,CastellaBot,40.0
763,CastellaBot,20.0
764,CastellaBot,20.0
765,CastellaBot,20.0
766,CastellaBot,20.0
767,CastellaBot,20.0
768,CastellaBot,20.0
769,CastellaBot,40.0
770,CastellaBot,40.0
771,CastellaBot,20.0
772,CastellaBot,40.0
773,CastellaBot,40.0
774,CastellaBot,20.0
775,CastellaBot,0.0
776,CastellaBot,0.0
777,CastellaBot,40.0
778,CastellaBot,20.0
779,CastellaBot,60.0
780,CastellaBot,20.0
781,CastellaBot,20.0
782,CastellaBot,0.0
783,CastellaBot,40.0
784,CastellaBot,40.0
785,CastellaBot,0.0
786,CastellaBot,0.0
787,CastellaBot,0.0
788,CastellaBot,80.0
789,CastellaBot,0.0
790,CastellaBot,60.0
791,CastellaBot,80.0
792,CastellaBot,20.0
793,CastellaBot,0.0
794,CastellaBot,20.0
795,CastellaBot,20.0
796,CastellaBot,40.0
797,CastellaBot,20.0
798,CastellaBot,40.0
799,CastellaBot,20.0
800,CastellaBot,0.0
801,CastellaBot,40.0
802,CastellaBot,60.0
803,CastellaBot,80.0
804,CastellaBot,60.0
805,CastellaBot,0.0
806,CastellaBot,20.0
807,CastellaBot,40.0
808,CastellaBot,20.0
809,CastellaBot,40.0
810,CastellaBot,40.0
811,CastellaBot,0.0
812,CastellaBot,40.0
813,CastellaBot,40.0
814,CastellaBot,40.0
815,CastellaBot,40.0
816,CastellaBot,40.0
817,CastellaBot,100.0
818,CastellaBot,20.0
819,CastellaBot,20.0
820,CastellaBot,60.0
821,CastellaBot,20.0
822,CastellaBot,20.0
823,CastellaBot,60.0
824,CastellaBot,20.0
825,CastellaBot,40.0
826,CastellaBot,40.0
827,CastellaBot,20.0
828,CastellaBot,80.0
829,CastellaBot,20.0
830,CastellaBot,60.0
831,CastellaBot,40.0
832,CastellaBot,60.0
833,CastellaBot,40.0
834,CastellaBot,40.0
835,CastellaBot,40.0
836,CastellaBot,40.0
837,CastellaBot,60.0
838,CastellaBot,20.0
839,CastellaBot,40.0
840,CastellaBot,60.0
841,CastellaBot,80.0
842,CastellaBot,40.0
843,CastellaBot,40.0
844,CastellaBot,40.0
845,CastellaBot,20.0
846,CastellaBot,20.0
847,CastellaBot,40.0
848,CastellaBot,20.0
849,CastellaBot,20.0
850,CastellaBot,20.0
851,CastellaBot,20.0
852,CastellaBot,0.0
853,CastellaBot,60.0
854,CastellaBot,40.0
855,CastellaBot,80.0
856,CastellaBot,40.0
857,CastellaBot,20.0
858,CastellaBot,100.0
859,CastellaBot,20.0
860,CastellaBot,40.0
861,CastellaBot,40.0
862,CastellaBot,20.0
863,CastellaBot,100.0
864,CastellaBot,20.0
865,CastellaBot,40.0
866,CastellaBot,0.0
867,CastellaBot,40.0
868,CastellaBot,40.0
869,CastellaBot,60.0
870,CastellaBot,60.0
871,CastellaBot,60.0
872,CastellaBot,40.0
873,CastellaBot,40.0
874,CastellaBot,40.0
875,CastellaBot,20.0
876,CastellaBot,20.0
877,CastellaBot,40.0
878,CastellaBot,20.0
879,CastellaBot,0.0
880,CastellaBot,20.0
881,CastellaBot,60.0
882,CastellaBot,40.0
883,CastellaBot,40.0
884,CastellaBot,40.0
885,CastellaBot,40.0
886,CastellaBot,20.0
887,CastellaBot,40.0
888,CastellaBot,20.0
889,CastellaBot,0.0
890,CastellaBot,40.0
891,CastellaBot,60.0
892,CastellaBot,80.0
893,CastellaBot,60.0
894,CastellaBot,20.0
895,CastellaBot,40.0
896,CastellaBot,60.0
897,CastellaBot,20.0
898,CastellaBot,40.0
899,CastellaBot,60.0
900,CastellaBot,60.0
901,CastellaBot,20.0
902,CastellaBot,80.0
903,CastellaBot,40.0
904,CastellaBot,40.0
905,CastellaBot,40.0
906,CastellaBot,60.0
907,CastellaBot,20.0
908,CastellaBot,20.0
909,CastellaBot,20.0
910,CastellaBot,40.0
911,CastellaBot,60.0
912,CastellaBot,20.0
913,CastellaBot,20.0
914,CastellaBot,20.0
915,CastellaBot,40.0
916,CastellaBot,20.0
917,CastellaBot,40.0
918,CastellaBot,40.0
919,CastellaBot,80.0
920,CastellaBot,60.0
921,CastellaBot,20.0
922,CastellaBot,60.0
923,CastellaBot,20.0
924,CastellaBot,0.0
925,CastellaBot,20.0
926,CastellaBot,20.0
927,CastellaBot,60.0
928,CastellaBot,40.0
929,CastellaBot,0.0
930,CastellaBot,60.0
931,CastellaBot,40.0
932,CastellaBot,20.0
933,CastellaBot,20.0
934,CastellaBot,20.0
935,CastellaBot,40.0
936,CastellaBot,0.0
937,CastellaBot,80.0
938,CastellaBot,60.0
939,CastellaBot,60.0
940,CastellaBot,40.0
941,CastellaBot,20.0
942,CastellaBot,40.0
943,CastellaBot,60.0
944,CastellaBot,40.0
945,CastellaBot,20.0
946,CastellaBot,60.0
947,CastellaBot,0.0
948,CastellaBot,40.0
949,CastellaBot,60.0
950,CastellaBot,40.0
951,CastellaBot,60.0
952,CastellaBot,40.0
953,CastellaBot,40.0
954,CastellaBot,60.0
955,CastellaBot,60.0
956,CastellaBot,20.0
957,CastellaBot,60.0
958,CastellaBot,60.0
959,CastellaBot,40.0
960,CastellaBot,60.0
961,CastellaBot,20.0
962,CastellaBot,40.0
963,CastellaBot,40.0
964,CastellaBot,20.0
965,CastellaBot,20.0
966,CastellaBot,40.0
967,CastellaBot,40.0
968,CastellaBot,20.0
969,CastellaBot,0.0
970,CastellaBot,40.0
971,CastellaBot,20.0
972,CastellaBot,80.0
973,CastellaBot,20.0
974,CastellaBot,40.0
975,CastellaBot,20.0
976,CastellaBot,60.0
977,CastellaBot,40.0
978,CastellaBot,20.0
979,CastellaBot,40.0
980,CastellaBot,0.0
981,CastellaBot,20.0
982,CastellaBot,0.0
983,CastellaBot,40.0
984,CastellaBot,0.0
985,CastellaBot,40.0
986,CastellaBot,0.0
987,CastellaBot,40.0
988,CastellaBot,40.0
989,CastellaBot,20.0
990,CastellaBot,60.0
991,CastellaBot,60.0
992,CastellaBot,40.0
993,CastellaBot,40.0
994,CastellaBot,40.0
995,CastellaBot,40.0
996,CastellaBot,20.0
997,CastellaBot,20.0
998,CastellaBot,20.0
999,CastellaBot,60.0
1000,CastellaBot,80.0
1001,TaiyakiBot,0.0
1002,TaiyakiBot,0.0
1003,TaiyakiBot,0.0
1004,TaiyakiBot,0.0
1005,TaiyakiBot,0.0
1006,TaiyakiBot,20.0
1007,TaiyakiBot,0.0
1008,TaiyakiBot,0.0
1009,TaiyakiBot,0.0
1010,TaiyakiBot,20.0
1011,TaiyakiBot,0.0
1012,TaiyakiBot,0.0
1013,TaiyakiBot,0.0
1014,TaiyakiBot,0.0
1015,TaiyakiBot,0.0
1016,TaiyakiBot,0.0
1017,TaiyakiBot,0.0
1018,TaiyakiBot,0.0
1019,TaiyakiBot,0.0
1020,TaiyakiBot,0.0
1021,TaiyakiBot,0.0
1022,TaiyakiBot,0.0
1023,TaiyakiBot,0.0
1024,TaiyakiBot,0.0
1025,TaiyakiBot,0.0
1026,TaiyakiBot,0.0
1027,TaiyakiBot,0.0
1028,TaiyakiBot,0.0
1029,TaiyakiBot,0.0
1030,TaiyakiBot,0.0
1031,TaiyakiBot,0.0
1032,TaiyakiBot,0.0
1033,TaiyakiBot,0.0
1034,TaiyakiBot,0.0
1035,TaiyakiBot,0.0
1036,TaiyakiBot,0.0
1037,TaiyakiBot,0.0
1038,TaiyakiBot,0.0
1039,TaiyakiBot,0.0
1040,TaiyakiBot,0.0
1041,TaiyakiBot,0.0
1042,TaiyakiBot,0.0
1043,TaiyakiBot,0.0
1044,TaiyakiBot,0.0
1045,TaiyakiBot,0.0
1046,TaiyakiBot,0.0
1047,TaiyakiBot,0.0
1048,TaiyakiBot,0.0
1049,TaiyakiBot,0.0
1050,TaiyakiBot,0.0
1051,TaiyakiBot,0.0
1052,TaiyakiBot,0.0
1053,TaiyakiBot,0.0
1054,TaiyakiBot,0.0
1055,TaiyakiBot,20.0
1056,TaiyakiBot,0.0
1057,TaiyakiBot,0.0
1058,TaiyakiBot,0.0
1059,TaiyakiBot,0.0
1060,TaiyakiBot,0.0
1061,TaiyakiBot,0.0
1062,TaiyakiBot,0.0
1063,TaiyakiBot,0.0
1064,TaiyakiBot,20.0
1065,TaiyakiBot,0.0
1066,TaiyakiBot,0.0
1067,TaiyakiBot,0.0
1068,TaiyakiBot,0.0
1069,TaiyakiBot,0.0
1070,TaiyakiBot,0.0
1071,TaiyakiBot,0.0
1072,TaiyakiBot,0.0
1073,TaiyakiBot,0.0
1074,TaiyakiBot,0.0
1075,TaiyakiBot,0.0
1076,TaiyakiBot,0.0
1077,TaiyakiBot,0.0
1078,TaiyakiBot,0.0
1079,TaiyakiBot,0.0
1080,TaiyakiBot,20.0
1081,TaiyakiBot,0.0
1082,TaiyakiBot,0.0
1083,TaiyakiBot,0.0
1084,TaiyakiBot,0.0
1085,TaiyakiBot,20.0
1086,TaiyakiBot,0.0
1087,TaiyakiBot,0.0
1088,TaiyakiBot,0.0
1089,TaiyakiBot,0.0
1090,TaiyakiBot,0.0
1091,TaiyakiBot,20.0
1092,TaiyakiBot,0.0
1093,TaiyakiBot,0.0
1094,TaiyakiBot,0.0
1095,TaiyakiBot,0.0
1096,TaiyakiBot,0.0
1097,TaiyakiBot,0.0
1098,TaiyakiBot,0.0
1099,TaiyakiBot,0.0
1100,TaiyakiBot,0.0
1101,TaiyakiBot,0.0
1102,TaiyakiBot,0.0
1103,TaiyakiBot,0.0
1104,TaiyakiBot,0.0
1105,TaiyakiBot,0.0
1106,TaiyakiBot,0.0
1107,TaiyakiBot,20.0
1108,TaiyakiBot,20.0
1109,TaiyakiBot,0.0
1110,TaiyakiBot,0.0
1111,TaiyakiBot,0.0
1112,TaiyakiBot,0.0
1113,TaiyakiBot,0.0
1114,TaiyakiBot,0.0
1115,TaiyakiBot,0.0
1116,TaiyakiBot,0.0
1117,TaiyakiBot,0.0
1118,TaiyakiBot,0.0
1119,TaiyakiBot,20.0
1120,TaiyakiBot,0.0
1121,TaiyakiBot,0.0
1122,TaiyakiBot,0.0
1123,TaiyakiBot,0.0
1124,TaiyakiBot,0.0
1125,TaiyakiBot,0.0
1126,TaiyakiBot,20.0
1127,TaiyakiBot,0.0
1128,TaiyakiBot,0.0
1129,TaiyakiBot,0.0
1130,TaiyakiBot,0.0
1131,TaiyakiBot,20.0
1132,TaiyakiBot,0.0
1133,TaiyakiBot,0.0
1134,TaiyakiBot,0.0
1135,TaiyakiBot,0.0
1136,TaiyakiBot,0.0
1137,TaiyakiBot,20.0
1138,TaiyakiBot,0.0
1139,TaiyakiBot,0.0
1140,TaiyakiBot,0.0
1141,TaiyakiBot,0.0
1142,TaiyakiBot,0.0
1143,TaiyakiBot,0.0
1144,TaiyakiBot,0.0
1145,TaiyakiBot,0.0
1146,TaiyakiBot,0.0
1147,TaiyakiBot,0.0
1148,TaiyakiBot,0.0
1149,TaiyakiBot,0.0
1150,TaiyakiBot,0.0
1151,TaiyakiBot,0.0
1152,TaiyakiBot,0.0
1153,TaiyakiBot,0.0
1154,TaiyakiBot,20.0
1155,TaiyakiBot,0.0
1156,TaiyakiBot,0.0
1157,TaiyakiBot,0.0
1158,TaiyakiBot,20.0
1159,TaiyakiBot,0.0
1160,TaiyakiBot,0.0
1161,TaiyakiBot,0.0
1162,TaiyakiBot,0.0
1163,TaiyakiBot,0.0
1164,TaiyakiBot,0.0
1165,TaiyakiBot,0.0
1166,TaiyakiBot,0.0
1167,TaiyakiBot,0.0
1168,TaiyakiBot,0.0
1169,TaiyakiBot,0.0
1170,TaiyakiBot,0.0
1171,TaiyakiBot,0.0
1172,TaiyakiBot,0.0
1173,TaiyakiBot,0.0
1174,TaiyakiBot,0.0
1175,TaiyakiBot,0.0
1176,TaiyakiBot,0.0
1177,TaiyakiBot,0.0
1178,TaiyakiBot,0.0
1179,TaiyakiBot,0.0
1180,TaiyakiBot,0.0
1181,TaiyakiBot,0.0
1182,TaiyakiBot,0.0
1183,TaiyakiBot,0.0
1184,TaiyakiBot,0.0
1185,TaiyakiBot,0.0
1186,TaiyakiBot,0.0
1187,TaiyakiBot,0.0
1188,TaiyakiBot,0.0
1189,TaiyakiBot,0.0
1190,TaiyakiBot,20.0
1191,TaiyakiBot,20.0
1192,TaiyakiBot,0.0
1193,TaiyakiBot,0.0
1194,TaiyakiBot,0.0
1195,TaiyakiBot,0.0
1196,TaiyakiBot,0.0
1197,TaiyakiBot,0.0
1198,TaiyakiBot,0.0
1199,TaiyakiBot,0.0
1200,TaiyakiBot,0.0
1201,TaiyakiBot,0.0
1202,TaiyakiBot,0.0
1203,TaiyakiBot,0.0
1204,TaiyakiBot,0.0
1205,TaiyakiBot,0.0
1206,TaiyakiBot,0.0
1207,TaiyakiBot,0.0
1208,TaiyakiBot,0.0
1209,TaiyakiBot,0.0
1210,TaiyakiBot,0.0
1211,TaiyakiBot,0.0
1212,TaiyakiBot,0.0
1213,TaiyakiBot,20.0
1214,TaiyakiBot,0.0
1215,TaiyakiBot,0.0
1216,TaiyakiBot,0.0
1217,TaiyakiBot,0.0
1218,TaiyakiBot,20.0
1219,TaiyakiBot,0.0
1220,TaiyakiBot,0.0
1221,TaiyakiBot,0.0
1222,TaiyakiBot,20.0
1223,TaiyakiBot,20.0
1224,TaiyakiBot,0.0
1225,TaiyakiBot,0.0
1226,TaiyakiBot,0.0
1227,TaiyakiBot,0.0
1228,TaiyakiBot,0.0
1229,TaiyakiBot,0.0
1230,TaiyakiBot,0.0
1231,TaiyakiBot,0.0
1232,TaiyakiBot,0.0
1233,TaiyakiBot,0.0
1234,TaiyakiBot,0.0
1235,TaiyakiBot,0.0
1236,TaiyakiBot,0.0
1237,TaiyakiBot,0.0
1238,TaiyakiBot,0.0
1239,TaiyakiBot,20.0
1240,TaiyakiBot,0.0
1241,TaiyakiBot,0.0
1242,TaiyakiBot,0.0
1243,TaiyakiBot,0.0
1244,TaiyakiBot,0.0
1245,TaiyakiBot,0.0
1246,TaiyakiBot,0.0
1247,TaiyakiBot,0.0
1248,TaiyakiBot,0.0
1249,TaiyakiBot,0.0
1250,TaiyakiBot,0.0
1251,TaiyakiBot,0.0
1252,TaiyakiBot,0.0
1253,TaiyakiBot,0.0
1254,TaiyakiBot,0.0
1255,TaiyakiBot,0.0
1256,TaiyakiBot,0.0
1257,TaiyakiBot,20.0
1258,TaiyakiBot,0.0
1259,TaiyakiBot,0.0
1260,TaiyakiBot,0.0
1261,TaiyakiBot,20.0
1262,TaiyakiBot,0.0
1263,TaiyakiBot,0.0
1264,TaiyakiBot,0.0
1265,TaiyakiBot,0.0
1266,TaiyakiBot,0.0
1267,TaiyakiBot,0.0
1268,TaiyakiBot,0.0
1269,TaiyakiBot,0.0
1270,TaiyakiBot,0.0
1271,TaiyakiBot,0.0
1272,TaiyakiBot,0.0
1273,TaiyakiBot,0.0
1274,TaiyakiBot,0.0
1275,TaiyakiBot,0.0
1276,TaiyakiBot,0.0
1277,TaiyakiBot,0.0
1278,TaiyakiBot,0.0
1279,TaiyakiBot,0.0
1280,TaiyakiBot,0.0
1281,TaiyakiBot,0.0
1282,TaiyakiBot,20.0
1283,TaiyakiBot,0.0
1284,TaiyakiBot,0.0
1285,TaiyakiBot,0.0
1286,TaiyakiBot,0.0
1287,TaiyakiBot,0.0
1288,TaiyakiBot,0.0
1289,TaiyakiBot,0.0
1290,TaiyakiBot,0.0
1291,TaiyakiBot,0.0
1292,TaiyakiBot,0.0
1293,TaiyakiBot,20.0
1294,TaiyakiBot,20.0
1295,TaiyakiBot,20.0
1296,TaiyakiBot,0.0
1297,TaiyakiBot,0.0
1298,TaiyakiBot,0.0
1299,TaiyakiBot,0.0
1300,TaiyakiBot,0.0
1301,TaiyakiBot,0.0
1302,TaiyakiBot,0.0
1303,TaiyakiBot,0.0
1304,TaiyakiBot,0.0
1305,TaiyakiBot,0.0
1306,TaiyakiBot,0.0
1307,TaiyakiBot,0.0
1308,TaiyakiBot,0.0
1309,TaiyakiBot,0.0
1310,TaiyakiBot,0.0
1311,TaiyakiBot,0.0
1312,TaiyakiBot,0.0
1313,TaiyakiBot,0.0
1314,TaiyakiBot,0.0
1315,TaiyakiBot,0.0
1316,TaiyakiBot,0.0
1317,TaiyakiBot,0.0
1318,TaiyakiBot,0.0
1319,TaiyakiBot,0.0
1320,TaiyakiBot,0.0
1321,TaiyakiBot,0.0
1322,TaiyakiBot,0.0
1323,TaiyakiBot,0.0
1324,TaiyakiBot,0.0
1325,TaiyakiBot,0.0
1326,TaiyakiBot,0.0
1327,TaiyakiBot,0.0
1328,TaiyakiBot,0.0
1329,TaiyakiBot,0.0
1330,TaiyakiBot,0.0
1331,TaiyakiBot,0.0
1332,TaiyakiBot,20.0
1333,TaiyakiBot,0.0
1334,TaiyakiBot,0.0
1335,TaiyakiBot,0.0
1336,TaiyakiBot,0.0
1337,TaiyakiBot,0.0
1338,TaiyakiBot,0.0
1339,TaiyakiBot,0.0
1340,TaiyakiBot,0.0
1341,TaiyakiBot,0.0
1342,TaiyakiBot,0.0
1343,TaiyakiBot,0.0
1344,TaiyakiBot,0.0
1345,TaiyakiBot,0.0
1346,TaiyakiBot,0.0
1347,TaiyakiBot,0.0
1348,TaiyakiBot,0.0
1349,TaiyakiBot,0.0
1350,TaiyakiBot,0.0
1351,TaiyakiBot,0.0
1352,TaiyakiBot,0.0
1353,TaiyakiBot,0.0
1354,TaiyakiBot,20.0
1355,TaiyakiBot,0.0
1356,TaiyakiBot,0.0
1357,TaiyakiBot,0.0
1358,TaiyakiBot,0.0
1359,TaiyakiBot,0.0
1360,TaiyakiBot,0.0
1361,TaiyakiBot,20.0
1362,TaiyakiBot,0.0
1363,TaiyakiBot,20.0
1364,TaiyakiBot,0.0
1365,TaiyakiBot,0.0
1366,TaiyakiBot,0.0
1367,TaiyakiBot,0.0
1368,TaiyakiBot,0.0
1369,TaiyakiBot,0.0
1370,TaiyakiBot,0.0
1371,TaiyakiBot,0.0
1372,TaiyakiBot,0.0
1373,TaiyakiBot,0.0
1374,TaiyakiBot,0.0
1375,TaiyakiBot,20.0
1376,TaiyakiBot,0.0
1377,TaiyakiBot,0.0
1378,TaiyakiBot,0.0
1379,TaiyakiBot,0.0
1380,TaiyakiBot,0.0
1381,TaiyakiBot,0.0
1382,TaiyakiBot,0.0
1383,TaiyakiBot,0.0
1384,TaiyakiBot,0.0
1385,TaiyakiBot,0.0
1386,TaiyakiBot,0.0
1387,TaiyakiBot,0.0
1388,TaiyakiBot,0.0
1389,TaiyakiBot,0.0
1390,TaiyakiBot,20.0
1391,TaiyakiBot,0.0
1392,TaiyakiBot,0.0
1393,TaiyakiBot,0.0
1394,TaiyakiBot,0.0
1395,TaiyakiBot,0.0
1396,TaiyakiBot,0.0
1397,TaiyakiBot,0.0
1398,TaiyakiBot,0.0
1399,TaiyakiBot,0.0
1400,TaiyakiBot,0.0
1401,TaiyakiBot,0.0
1402,TaiyakiBot,0.0
1403,TaiyakiBot,0.0
1404,TaiyakiBot,0.0
1405,TaiyakiBot,20.0
1406,TaiyakiBot,0.0
1407,TaiyakiBot,0.0
1408,TaiyakiBot,0.0
1409,TaiyakiBot,20.0
1410,TaiyakiBot,0.0
1411,TaiyakiBot,0.0
1412,TaiyakiBot,0.0
1413,TaiyakiBot,0.0
1414,TaiyakiBot,0.0
1415,TaiyakiBot,0.0
1416,TaiyakiBot,0.0
1417,TaiyakiBot,0.0
1418,TaiyakiBot,20.0
1419,TaiyakiBot,0.0
1420,TaiyakiBot,0.0
1421,TaiyakiBot,0.0
1422,TaiyakiBot,0.0
1423,TaiyakiBot,0.0
1424,TaiyakiBot,0.0
1425,TaiyakiBot,0.0
1426,TaiyakiBot,0.0
1427,TaiyakiBot,0.0
1428,TaiyakiBot,0.0
1429,TaiyakiBot,0.0
1430,TaiyakiBot,0.0
1431,TaiyakiBot,20.0
1432,TaiyakiBot,0.0
1433,TaiyakiBot,0.0
1434,TaiyakiBot,0.0
1435,TaiyakiBot,0.0
1436,TaiyakiBot,0.0
1437,TaiyakiBot,0.0
1438,TaiyakiBot,20.0
1439,TaiyakiBot,0.0
1440,TaiyakiBot,0.0
1441,TaiyakiBot,0.0
1442,TaiyakiBot,0.0
1443,TaiyakiBot,0.0
1444,TaiyakiBot,0.0
1445,TaiyakiBot,0.0
1446,TaiyakiBot,0.0
1447,TaiyakiBot,20.0
1448,TaiyakiBot,0.0
1449,TaiyakiBot,0.0
1450,TaiyakiBot,0.0
1451,TaiyakiBot,0.0
1452,TaiyakiBot,0.0
1453,TaiyakiBot,0.0
1454,TaiyakiBot,0.0
1455,TaiyakiBot,0.0
1456,TaiyakiBot,0.0
1457,TaiyakiBot,20.0
1458,TaiyakiBot,0.0
1459,TaiyakiBot,0.0
1460,TaiyakiBot,0.0
1461,TaiyakiBot,0.0
1462,TaiyakiBot,0.0
1463,TaiyakiBot,40.0
1464,TaiyakiBot,0.0
1465,TaiyakiBot,0.0
1466,TaiyakiBot,0.0
1467,TaiyakiBot,0.0
1468,TaiyakiBot,0.0
1469,TaiyakiBot,0.0
1470,TaiyakiBot,0.0
1471,TaiyakiBot,0.0
1472,TaiyakiBot,0.0
1473,TaiyakiBot,0.0
1474,TaiyakiBot,0.0
1475,TaiyakiBot,0.0
1476,TaiyakiBot,0.0
1477,TaiyakiBot,20.0
1478,TaiyakiBot,0.0
1479,TaiyakiBot,20.0
1480,TaiyakiBot,0.0
1481,TaiyakiBot,0.0
1482,TaiyakiBot,40.0
1483,TaiyakiBot,0.0
1484,TaiyakiBot,0.0
1485,TaiyakiBot,0.0
1486,TaiyakiBot,20.0
1487,TaiyakiBot,20.0
1488,TaiyakiBot,0.0
1489,TaiyakiBot,0.0
1490,TaiyakiBot,0.0
1491,TaiyakiBot,20.0
1492,TaiyakiBot,20.0
1493,TaiyakiBot,0.0
1494,TaiyakiBot,0.0
1495,TaiyakiBot,20.0
1496,TaiyakiBot,0.0
1497,TaiyakiBot,20.0
1498,TaiyakiBot,0.0
1499,TaiyakiBot,0.0
1500,TaiyakiBot,20.0
